date,home,away,hscore,ascore
2021/03/26,読　売,横浜DeNA,8,7
2021/03/26,東京ヤクルト,阪　神,3,4
2021/03/26,広島東洋,中　日,6,7
2021/03/26,東北楽天,北海道日本ハム,8,2
2021/03/26,埼玉西武,オリックス,4,3
2021/03/26,福岡ソフトバンク,千葉ロッテ,8,2
2021/03/27,読　売,横浜DeNA,10,5
2021/03/27,東京ヤクルト,阪　神,5,9
2021/03/27,広島東洋,中　日,4,1
2021/03/27,東北楽天,北海道日本ハム,4,9
2021/03/27,埼玉西武,オリックス,2,3
2021/03/27,福岡ソフトバンク,千葉ロッテ,3,2
2021/03/28,読　売,横浜DeNA,1,1
2021/03/28,東京ヤクルト,阪　神,2,8
2021/03/28,広島東洋,中　日,0,0
2021/03/28,東北楽天,北海道日本ハム,5,0
2021/03/28,埼玉西武,オリックス,5,1
2021/03/28,福岡ソフトバンク,千葉ロッテ,6,5
2021/03/30,横浜DeNA,東京ヤクルト,4,5
2021/03/30,中　日,読　売,3,3
2021/03/30,広島東洋,阪　神,1,0
2021/03/30,北海道日本ハム,埼玉西武,4,11
2021/03/30,千葉ロッテ,東北楽天,0,5
2021/03/30,オリックス,福岡ソフトバンク,1,3
2021/03/31,横浜DeNA,東京ヤクルト,3,5
2021/03/31,中　日,読　売,5,3
2021/03/31,広島東洋,阪　神,4,2
2021/03/31,北海道日本ハム,埼玉西武,1,1
2021/03/31,千葉ロッテ,東北楽天,1,2
2021/03/31,オリックス,福岡ソフトバンク,7,2
2021/04/01,横浜DeNA,東京ヤクルト,11,11
2021/04/01,中　日,読　売,1,3
2021/04/01,広島東洋,阪　神,3,6
2021/04/01,千葉ロッテ,東北楽天,16,5
2021/04/01,オリックス,福岡ソフトバンク,2,0
2021/04/02,読　売,東京ヤクルト,0,2
2021/04/02,横浜DeNA,広島東洋,0,4
2021/04/02,阪　神,中　日,3,6
2021/04/02,北海道日本ハム,千葉ロッテ,4,16
2021/04/02,東北楽天,オリックス,4,2
2021/04/02,福岡ソフトバンク,埼玉西武,2,6
2021/04/03,読　売,東京ヤクルト,2,2
2021/04/03,横浜DeNA,広島東洋,3,7
2021/04/03,阪　神,中　日,1,0
2021/04/03,北海道日本ハム,千葉ロッテ,5,6
2021/04/03,東北楽天,オリックス,3,2
2021/04/03,福岡ソフトバンク,埼玉西武,4,7
2021/04/04,読　売,東京ヤクルト,2,1
2021/04/04,横浜DeNA,広島東洋,3,1
2021/04/04,阪　神,中　日,3,1
2021/04/04,北海道日本ハム,千葉ロッテ,1,1
2021/04/04,東北楽天,オリックス,0,4
2021/04/04,福岡ソフトバンク,埼玉西武,2,4
2021/04/06,東京ヤクルト,広島東洋,0,2
2021/04/06,中　日,横浜DeNA,3,7
2021/04/06,阪　神,読　売,6,2
2021/04/06,北海道日本ハム,福岡ソフトバンク,0,7
2021/04/06,埼玉西武,東北楽天,2,13
2021/04/06,千葉ロッテ,オリックス,3,3
2021/04/07,東京ヤクルト,広島東洋,3,2
2021/04/07,中　日,横浜DeNA,3,1
2021/04/07,阪　神,読　売,7,1
2021/04/07,北海道日本ハム,福岡ソフトバンク,2,6
2021/04/07,埼玉西武,東北楽天,3,6
2021/04/07,千葉ロッテ,オリックス,9,2
2021/04/08,東京ヤクルト,広島東洋,11,7
2021/04/08,中　日,横浜DeNA,2,5
2021/04/08,阪　神,読　売,0,3
2021/04/08,北海道日本ハム,福岡ソフトバンク,2,4
2021/04/08,埼玉西武,東北楽天,0,4
2021/04/08,千葉ロッテ,オリックス,1,5
2021/04/09,横浜DeNA,阪　神,2,9
2021/04/09,広島東洋,読　売,2,0
2021/04/09,東北楽天,福岡ソフトバンク,1,1
2021/04/09,千葉ロッテ,埼玉西武,4,7
2021/04/09,オリックス,北海道日本ハム,1,2
2021/04/10,横浜DeNA,阪　神,0,4
2021/04/10,中　日,東京ヤクルト,2,2
2021/04/10,広島東洋,読　売,4,2
2021/04/10,東北楽天,福岡ソフトバンク,8,8
2021/04/10,千葉ロッテ,埼玉西武,6,2
2021/04/10,オリックス,北海道日本ハム,2,5
2021/04/11,横浜DeNA,阪　神,2,3
2021/04/11,中　日,東京ヤクルト,2,1
2021/04/11,広島東洋,読　売,0,9
2021/04/11,東北楽天,福岡ソフトバンク,0,2
2021/04/11,千葉ロッテ,埼玉西武,1,2
2021/04/11,オリックス,北海道日本ハム,4,4
2021/04/13,読　売,中　日,2,1
2021/04/13,東京ヤクルト,横浜DeNA,5,1
2021/04/13,阪　神,広島東洋,,
2021/04/13,東北楽天,千葉ロッテ,2,6
2021/04/13,埼玉西武,北海道日本ハム,2,3
2021/04/13,福岡ソフトバンク,オリックス,4,7
2021/04/14,読　売,中　日,5,1
2021/04/14,東京ヤクルト,横浜DeNA,7,3
2021/04/14,阪　神,広島東洋,6,0
2021/04/14,東北楽天,千葉ロッテ,2,2
2021/04/14,埼玉西武,北海道日本ハム,2,1
2021/04/14,福岡ソフトバンク,オリックス,4,1
2021/04/15,読　売,中　日,5,1
2021/04/15,東京ヤクルト,横浜DeNA,2,1
2021/04/15,阪　神,広島東洋,4,0
2021/04/15,東北楽天,千葉ロッテ,3,7
2021/04/15,福岡ソフトバンク,オリックス,4,3
2021/04/16,横浜DeNA,読　売,0,7
2021/04/16,中　日,広島東洋,3,7
2021/04/16,阪　神,東京ヤクルト,2,0
2021/04/16,北海道日本ハム,東北楽天,1,4
2021/04/16,埼玉西武,福岡ソフトバンク,2,1
2021/04/16,オリックス,千葉ロッテ,3,3
2021/04/17,横浜DeNA,読　売,2,7
2021/04/17,中　日,広島東洋,5,0
2021/04/17,阪　神,東京ヤクルト,,
2021/04/17,北海道日本ハム,東北楽天,4,1
2021/04/17,埼玉西武,福岡ソフトバンク,1,7
2021/04/17,オリックス,千葉ロッテ,2,7
2021/04/18,横浜DeNA,読　売,2,2
2021/04/18,中　日,広島東洋,2,4
2021/04/18,阪　神,東京ヤクルト,10,7
2021/04/18,北海道日本ハム,東北楽天,1,4
2021/04/18,埼玉西武,福岡ソフトバンク,4,4
2021/04/18,オリックス,千葉ロッテ,2,3
2021/04/20,読　売,阪　神,5,10
2021/04/20,横浜DeNA,中　日,0,0
2021/04/20,広島東洋,東京ヤクルト,1,2
2021/04/20,千葉ロッテ,北海道日本ハム,8,4
2021/04/20,オリックス,埼玉西武,11,3
2021/04/20,福岡ソフトバンク,東北楽天,6,4
2021/04/21,読　売,阪　神,3,2
2021/04/21,横浜DeNA,中　日,1,7
2021/04/21,広島東洋,東京ヤクルト,1,1
2021/04/21,千葉ロッテ,北海道日本ハム,6,5
2021/04/21,オリックス,埼玉西武,4,2
2021/04/21,福岡ソフトバンク,東北楽天,4,1
2021/04/22,読　売,阪　神,8,3
2021/04/22,横浜DeNA,中　日,0,1
2021/04/22,広島東洋,東京ヤクルト,4,7
2021/04/22,千葉ロッテ,北海道日本ハム,1,3
2021/04/22,オリックス,埼玉西武,7,6
2021/04/23,読　売,広島東洋,2,1
2021/04/23,東京ヤクルト,中　日,6,4
2021/04/23,阪　神,横浜DeNA,1,7
2021/04/23,北海道日本ハム,オリックス,1,6
2021/04/23,東北楽天,埼玉西武,2,2
2021/04/23,千葉ロッテ,福岡ソフトバンク,2,3
2021/04/24,読　売,広島東洋,3,6
2021/04/24,東京ヤクルト,中　日,4,3
2021/04/24,阪　神,横浜DeNA,13,1
2021/04/24,北海道日本ハム,オリックス,5,3
2021/04/24,東北楽天,埼玉西武,2,1
2021/04/24,千葉ロッテ,福岡ソフトバンク,11,9
2021/04/25,読　売,広島東洋,8,9
2021/04/25,東京ヤクルト,中　日,4,3
2021/04/25,阪　神,横浜DeNA,7,5
2021/04/25,北海道日本ハム,オリックス,4,4
2021/04/25,東北楽天,埼玉西武,8,4
2021/04/25,千葉ロッテ,福岡ソフトバンク,8,5
2021/04/27,東京ヤクルト,読　売,11,14
2021/04/27,中　日,阪　神,2,1
2021/04/27,広島東洋,横浜DeNA,10,1
2021/04/27,埼玉西武,千葉ロッテ,3,1
2021/04/27,オリックス,東北楽天,5,5
2021/04/27,福岡ソフトバンク,北海道日本ハム,2,7
2021/04/28,東京ヤクルト,読　売,3,7
2021/04/28,中　日,阪　神,6,1
2021/04/28,広島東洋,横浜DeNA,2,13
2021/04/28,埼玉西武,千葉ロッテ,3,2
2021/04/28,オリックス,東北楽天,0,0
2021/04/28,福岡ソフトバンク,北海道日本ハム,3,4
2021/04/29,中　日,阪　神,2,6
2021/04/29,広島東洋,横浜DeNA,3,5
2021/04/29,埼玉西武,千葉ロッテ,2,5
2021/04/29,福岡ソフトバンク,北海道日本ハム,2,1
2021/04/30,読　売,中　日,2,3
2021/04/30,横浜DeNA,東京ヤクルト,0,4
2021/04/30,阪　神,広島東洋,4,2
2021/04/30,北海道日本ハム,埼玉西武,1,5
2021/04/30,東北楽天,千葉ロッテ,8,1
2021/04/30,オリックス,福岡ソフトバンク,5,4
2021/05/01,読　売,中　日,6,9
2021/05/01,横浜DeNA,東京ヤクルト,10,2
2021/05/01,阪　神,広島東洋,,
2021/05/01,北海道日本ハム,埼玉西武,5,4
2021/05/01,東北楽天,千葉ロッテ,3,0
2021/05/01,オリックス,福岡ソフトバンク,0,13
2021/05/02,横浜DeNA,東京ヤクルト,8,7
2021/05/02,阪　神,広島東洋,7,3
2021/05/02,北海道日本ハム,埼玉西武,,
2021/05/02,東北楽天,千葉ロッテ,5,6
2021/05/02,オリックス,福岡ソフトバンク,5,4
2021/05/03,中　日,横浜DeNA,1,2
2021/05/03,広島東洋,読　売,2,3
2021/05/03,埼玉西武,オリックス,3,6
2021/05/03,福岡ソフトバンク,東北楽天,4,7
2021/05/04,東京ヤクルト,阪　神,5,11
2021/05/04,中　日,横浜DeNA,8,4
2021/05/04,広島東洋,読　売,1,1
2021/05/04,埼玉西武,オリックス,6,6
2021/05/04,福岡ソフトバンク,東北楽天,6,4
2021/05/05,東京ヤクルト,阪　神,2,2
2021/05/05,中　日,横浜DeNA,0,4
2021/05/05,広島東洋,読　売,0,4
2021/05/05,埼玉西武,オリックス,6,2
2021/05/05,福岡ソフトバンク,東北楽天,5,5
2021/05/07,読　売,東京ヤクルト,4,6
2021/05/07,横浜DeNA,阪　神,12,6
2021/05/07,北海道日本ハム,東北楽天,6,1
2021/05/07,千葉ロッテ,オリックス,7,5
2021/05/07,福岡ソフトバンク,埼玉西武,2,2
2021/05/08,横浜DeNA,阪　神,1,4
2021/05/08,中　日,広島東洋,3,4
2021/05/08,北海道日本ハム,東北楽天,4,1
2021/05/08,千葉ロッテ,オリックス,2,5
2021/05/08,福岡ソフトバンク,埼玉西武,0,2
2021/05/09,読　売,東京ヤクルト,7,5
2021/05/09,横浜DeNA,阪　神,2,3
2021/05/09,中　日,広島東洋,2,0
2021/05/09,北海道日本ハム,東北楽天,3,6
2021/05/09,千葉ロッテ,オリックス,7,4
2021/05/09,福岡ソフトバンク,埼玉西武,3,1
2021/05/11,横浜DeNA,読　売,2,4
2021/05/11,阪　神,中　日,4,4
2021/05/11,北海道日本ハム,オリックス,1,9
2021/05/11,東北楽天,埼玉西武,3,3
2021/05/11,福岡ソフトバンク,千葉ロッテ,1,4
2021/05/12,東京ヤクルト,広島東洋,0,0
2021/05/12,横浜DeNA,読　売,5,5
2021/05/12,阪　神,中　日,,
2021/05/12,北海道日本ハム,オリックス,2,1
2021/05/12,東北楽天,埼玉西武,4,3
2021/05/12,福岡ソフトバンク,千葉ロッテ,8,8
2021/05/13,東京ヤクルト,広島東洋,,
2021/05/13,横浜DeNA,読　売,,
2021/05/13,阪　神,中　日,2,1
2021/05/14,読　売,阪　神,1,2
2021/05/14,中　日,東京ヤクルト,1,4
2021/05/14,広島東洋,横浜DeNA,9,2
2021/05/14,北海道日本ハム,福岡ソフトバンク,2,5
2021/05/14,千葉ロッテ,埼玉西武,4,4
2021/05/14,オリックス,東北楽天,9,4
2021/05/15,読　売,阪　神,5,3
2021/05/15,中　日,東京ヤクルト,0,5
2021/05/15,広島東洋,横浜DeNA,,
2021/05/15,北海道日本ハム,福岡ソフトバンク,3,7
2021/05/15,千葉ロッテ,埼玉西武,0,3
2021/05/15,オリックス,東北楽天,4,3
2021/05/16,読　売,阪　神,5,6
2021/05/16,中　日,東京ヤクルト,2,2
2021/05/16,広島東洋,横浜DeNA,3,3
2021/05/16,北海道日本ハム,福岡ソフトバンク,2,2
2021/05/16,千葉ロッテ,埼玉西武,6,6
2021/05/16,オリックス,東北楽天,0,1
2021/05/18,読　売,広島東洋,7,2
2021/05/18,横浜DeNA,中　日,1,5
2021/05/18,阪　神,東京ヤクルト,3,14
2021/05/18,東北楽天,北海道日本ハム,3,2
2021/05/18,埼玉西武,福岡ソフトバンク,2,8
2021/05/18,オリックス,千葉ロッテ,6,5
2021/05/19,読　売,広島東洋,2,10
2021/05/19,横浜DeNA,中　日,,
2021/05/19,阪　神,東京ヤクルト,3,1
2021/05/19,東北楽天,北海道日本ハム,3,2
2021/05/19,埼玉西武,福岡ソフトバンク,5,6
2021/05/19,オリックス,千葉ロッテ,4,6
2021/05/20,横浜DeNA,中　日,,
2021/05/20,阪　神,東京ヤクルト,,
2021/05/20,東北楽天,北海道日本ハム,1,4
2021/05/20,埼玉西武,福岡ソフトバンク,7,2
2021/05/21,東京ヤクルト,横浜DeNA,3,5
2021/05/21,中　日,読　売,1,1
2021/05/21,広島東洋,阪　神,,
2021/05/21,埼玉西武,北海道日本ハム,7,1
2021/05/21,千葉ロッテ,東北楽天,6,13
2021/05/22,東京ヤクルト,横浜DeNA,1,0
2021/05/22,中　日,読　売,4,5
2021/05/22,埼玉西武,北海道日本ハム,8,1
2021/05/22,千葉ロッテ,東北楽天,3,1
2021/05/22,福岡ソフトバンク,オリックス,7,2
2021/05/23,東京ヤクルト,横浜DeNA,10,5
2021/05/23,中　日,読　売,4,1
2021/05/23,埼玉西武,北海道日本ハム,3,10
2021/05/23,千葉ロッテ,東北楽天,5,6
2021/05/23,福岡ソフトバンク,オリックス,7,2
2021/05/25,読　売,東北楽天,9,4
2021/05/25,東京ヤクルト,北海道日本ハム,2,4
2021/05/25,横浜DeNA,オリックス,10,3
2021/05/25,中　日,福岡ソフトバンク,2,0
2021/05/25,阪　神,千葉ロッテ,3,5
2021/05/25,広島東洋,埼玉西武,,
2021/05/26,読　売,東北楽天,5,2
2021/05/26,東京ヤクルト,北海道日本ハム,4,3
2021/05/26,横浜DeNA,オリックス,5,14
2021/05/26,中　日,福岡ソフトバンク,4,3
2021/05/26,阪　神,千葉ロッテ,3,2
2021/05/27,読　売,東北楽天,0,2
2021/05/27,東京ヤクルト,北海道日本ハム,5,2
2021/05/27,横浜DeNA,オリックス,11,8
2021/05/27,中　日,福岡ソフトバンク,3,3
2021/05/27,阪　神,千葉ロッテ,4,6
2021/05/27,広島東洋,埼玉西武,4,4
2021/05/28,北海道日本ハム,中　日,10,1
2021/05/28,東北楽天,横浜DeNA,6,7
2021/05/28,埼玉西武,阪　神,7,10
2021/05/28,千葉ロッテ,広島東洋,8,10
2021/05/28,オリックス,東京ヤクルト,9,2
2021/05/28,福岡ソフトバンク,読　売,9,3
2021/05/29,北海道日本ハム,中　日,4,7
2021/05/29,東北楽天,横浜DeNA,1,1
2021/05/29,埼玉西武,阪　神,1,0
2021/05/29,千葉ロッテ,広島東洋,7,3
2021/05/29,オリックス,東京ヤクルト,4,7
2021/05/29,福岡ソフトバンク,読　売,8,3
2021/05/30,北海道日本ハム,中　日,1,4
2021/05/30,東北楽天,横浜DeNA,5,1
2021/05/30,埼玉西武,阪　神,8,9
2021/05/30,千葉ロッテ,広島東洋,7,1
2021/05/30,オリックス,東京ヤクルト,8,7
2021/05/30,福岡ソフトバンク,読　売,3,4
2021/06/01,読　売,埼玉西武,4,4
2021/06/01,東京ヤクルト,東北楽天,7,4
2021/06/01,横浜DeNA,福岡ソフトバンク,4,3
2021/06/01,中　日,千葉ロッテ,1,0
2021/06/01,阪　神,オリックス,2,5
2021/06/01,広島東洋,北海道日本ハム,3,7
2021/06/02,読　売,埼玉西武,4,3
2021/06/02,東京ヤクルト,東北楽天,1,3
2021/06/02,横浜DeNA,福岡ソフトバンク,1,1
2021/06/02,中　日,千葉ロッテ,2,2
2021/06/02,阪　神,オリックス,2,1
2021/06/02,広島東洋,北海道日本ハム,3,0
2021/06/03,読　売,埼玉西武,4,4
2021/06/03,東京ヤクルト,東北楽天,2,4
2021/06/03,横浜DeNA,福岡ソフトバンク,4,3
2021/06/03,中　日,千葉ロッテ,4,3
2021/06/03,阪　神,オリックス,3,7
2021/06/03,広島東洋,北海道日本ハム,,
2021/06/04,読　売,北海道日本ハム,6,0
2021/06/04,東京ヤクルト,埼玉西武,10,1
2021/06/04,横浜DeNA,千葉ロッテ,7,11
2021/06/04,中　日,オリックス,1,2
2021/06/04,阪　神,福岡ソフトバンク,6,1
2021/06/04,広島東洋,東北楽天,5,12
2021/06/05,読　売,北海道日本ハム,4,6
2021/06/05,東京ヤクルト,埼玉西武,3,6
2021/06/05,横浜DeNA,千葉ロッテ,11,9
2021/06/05,中　日,オリックス,6,3
2021/06/05,阪　神,福岡ソフトバンク,2,10
2021/06/05,広島東洋,東北楽天,3,7
2021/06/06,読　売,北海道日本ハム,2,4
2021/06/06,東京ヤクルト,埼玉西武,9,6
2021/06/06,横浜DeNA,千葉ロッテ,4,3
2021/06/06,中　日,オリックス,0,4
2021/06/06,阪　神,福岡ソフトバンク,3,8
2021/06/06,広島東洋,東北楽天,4,6
2021/06/08,北海道日本ハム,阪　神,2,3
2021/06/08,東北楽天,中　日,5,2
2021/06/08,埼玉西武,横浜DeNA,8,3
2021/06/08,千葉ロッテ,東京ヤクルト,7,4
2021/06/08,オリックス,読　売,3,3
2021/06/08,福岡ソフトバンク,広島東洋,1,1
2021/06/09,北海道日本ハム,阪　神,3,10
2021/06/09,東北楽天,中　日,3,7
2021/06/09,埼玉西武,横浜DeNA,8,8
2021/06/09,千葉ロッテ,東京ヤクルト,3,5
2021/06/09,オリックス,読　売,3,1
2021/06/09,福岡ソフトバンク,広島東洋,8,4
2021/06/10,北海道日本ハム,阪　神,2,4
2021/06/10,東北楽天,中　日,6,2
2021/06/10,埼玉西武,横浜DeNA,5,3
2021/06/10,千葉ロッテ,東京ヤクルト,2,1
2021/06/10,オリックス,読　売,6,0
2021/06/10,福岡ソフトバンク,広島東洋,1,1
2021/06/11,北海道日本ハム,横浜DeNA,0,4
2021/06/11,東北楽天,阪　神,2,3
2021/06/11,埼玉西武,中　日,5,6
2021/06/11,千葉ロッテ,読　売,1,5
2021/06/11,オリックス,広島東洋,4,0
2021/06/11,福岡ソフトバンク,東京ヤクルト,0,1
2021/06/12,北海道日本ハム,横浜DeNA,4,3
2021/06/12,東北楽天,阪　神,1,9
2021/06/12,埼玉西武,中　日,7,3
2021/06/12,千葉ロッテ,読　売,4,11
2021/06/12,オリックス,広島東洋,3,2
2021/06/12,福岡ソフトバンク,東京ヤクルト,2,4
2021/06/13,北海道日本ハム,横浜DeNA,1,4
2021/06/13,東北楽天,阪　神,5,6
2021/06/13,埼玉西武,中　日,4,3
2021/06/13,千葉ロッテ,読　売,5,4
2021/06/13,オリックス,広島東洋,9,8
2021/06/13,福岡ソフトバンク,東京ヤクルト,4,6
2021/06/14,広島東洋,埼玉西武,2,3
2021/06/15,広島東洋,埼玉西武,5,3
2021/06/16,広島東洋,北海道日本ハム,1,8
2021/06/18,東京ヤクルト,中　日,5,2
2021/06/18,横浜DeNA,広島東洋,4,7
2021/06/18,阪　神,読　売,7,1
2021/06/18,東北楽天,オリックス,2,5
2021/06/18,埼玉西武,千葉ロッテ,0,5
2021/06/18,福岡ソフトバンク,北海道日本ハム,1,2
2021/06/19,東京ヤクルト,中　日,3,7
2021/06/19,横浜DeNA,広島東洋,11,12
2021/06/19,阪　神,読　売,2,6
2021/06/19,東北楽天,オリックス,,
2021/06/19,埼玉西武,千葉ロッテ,7,2
2021/06/19,福岡ソフトバンク,北海道日本ハム,5,5
2021/06/20,東京ヤクルト,中　日,2,1
2021/06/20,横浜DeNA,広島東洋,10,8
2021/06/20,阪　神,読　売,1,2
2021/06/20,東北楽天,オリックス,0,3
2021/06/20,埼玉西武,千葉ロッテ,3,3
2021/06/20,福岡ソフトバンク,北海道日本ハム,1,1
2021/06/21,東北楽天,オリックス,3,4
2021/06/22,読　売,横浜DeNA,6,1
2021/06/22,中　日,阪　神,1,2
2021/06/22,広島東洋,東京ヤクルト,1,6
2021/06/22,埼玉西武,東北楽天,2,0
2021/06/22,千葉ロッテ,福岡ソフトバンク,4,6
2021/06/22,オリックス,北海道日本ハム,5,2
2021/06/23,読　売,横浜DeNA,4,2
2021/06/23,中　日,阪　神,6,2
2021/06/23,広島東洋,東京ヤクルト,5,8
2021/06/23,埼玉西武,東北楽天,4,6
2021/06/23,千葉ロッテ,福岡ソフトバンク,1,1
2021/06/23,オリックス,北海道日本ハム,3,1
2021/06/24,中　日,阪　神,0,6
2021/06/24,広島東洋,東京ヤクルト,1,4
2021/06/24,千葉ロッテ,福岡ソフトバンク,2,7
2021/06/24,オリックス,北海道日本ハム,2,5
2021/06/25,東京ヤクルト,読　売,1,7
2021/06/25,阪　神,横浜DeNA,0,3
2021/06/25,広島東洋,中　日,3,6
2021/06/25,東北楽天,福岡ソフトバンク,5,1
2021/06/25,オリックス,埼玉西武,1,3
2021/06/26,東京ヤクルト,読　売,3,10
2021/06/26,阪　神,横浜DeNA,1,3
2021/06/26,広島東洋,中　日,11,5
2021/06/26,北海道日本ハム,千葉ロッテ,1,3
2021/06/26,東北楽天,福岡ソフトバンク,3,2
2021/06/26,オリックス,埼玉西武,3,3
2021/06/27,東京ヤクルト,読　売,2,5
2021/06/27,阪　神,横浜DeNA,3,8
2021/06/27,広島東洋,中　日,1,1
2021/06/27,北海道日本ハム,千葉ロッテ,3,8
2021/06/27,東北楽天,福岡ソフトバンク,3,2
2021/06/27,オリックス,埼玉西武,10,0
2021/06/28,福岡ソフトバンク,埼玉西武,2,5
2021/06/29,読　売,広島東洋,11,8
2021/06/29,横浜DeNA,中　日,3,2
2021/06/29,阪　神,東京ヤクルト,5,3
2021/06/29,東北楽天,北海道日本ハム,5,5
2021/06/29,オリックス,千葉ロッテ,5,5
2021/06/30,読　売,広島東洋,0,1
2021/06/30,横浜DeNA,中　日,9,4
2021/06/30,阪　神,東京ヤクルト,2,2
2021/06/30,東北楽天,北海道日本ハム,0,3
2021/06/30,オリックス,千葉ロッテ,5,0
2021/06/30,福岡ソフトバンク,埼玉西武,9,1
2021/07/01,読　売,広島東洋,10,4
2021/07/01,阪　神,東京ヤクルト,1,6
2021/07/01,東北楽天,北海道日本ハム,1,2
2021/07/01,福岡ソフトバンク,埼玉西武,0,1
2021/07/02,横浜DeNA,読　売,,
2021/07/02,中　日,東京ヤクルト,3,9
2021/07/02,広島東洋,阪　神,7,1
2021/07/02,埼玉西武,オリックス,3,5
2021/07/02,千葉ロッテ,東北楽天,,
2021/07/03,横浜DeNA,読　売,1,3
2021/07/03,中　日,東京ヤクルト,1,5
2021/07/03,広島東洋,阪　神,0,5
2021/07/03,北海道日本ハム,福岡ソフトバンク,1,7
2021/07/03,埼玉西武,オリックス,0,8
2021/07/03,千葉ロッテ,東北楽天,5,3
2021/07/04,横浜DeNA,読　売,3,2
2021/07/04,中　日,東京ヤクルト,3,3
2021/07/04,広島東洋,阪　神,4,3
2021/07/04,北海道日本ハム,福岡ソフトバンク,0,5
2021/07/04,埼玉西武,オリックス,2,3
2021/07/04,千葉ロッテ,東北楽天,8,6
2021/07/05,千葉ロッテ,東北楽天,8,1
2021/07/06,読　売,中　日,2,3
2021/07/06,東京ヤクルト,阪　神,1,5
2021/07/06,広島東洋,横浜DeNA,2,4
2021/07/06,北海道日本ハム,埼玉西武,4,3
2021/07/06,千葉ロッテ,福岡ソフトバンク,11,3
2021/07/06,オリックス,東北楽天,2,7
2021/07/07,読　売,中　日,3,1
2021/07/07,東京ヤクルト,阪　神,6,4
2021/07/07,広島東洋,横浜DeNA,3,3
2021/07/07,北海道日本ハム,埼玉西武,2,1
2021/07/07,千葉ロッテ,福岡ソフトバンク,4,1
2021/07/07,オリックス,東北楽天,5,6
2021/07/08,読　売,中　日,0,1
2021/07/08,東京ヤクルト,阪　神,5,6
2021/07/08,広島東洋,横浜DeNA,5,3
2021/07/08,オリックス,東北楽天,1,1
2021/07/09,東京ヤクルト,広島東洋,4,3
2021/07/09,中　日,横浜DeNA,3,1
2021/07/09,阪　神,読　売,4,1
2021/07/09,千葉ロッテ,北海道日本ハム,1,6
2021/07/09,福岡ソフトバンク,オリックス,0,8
2021/07/10,東京ヤクルト,広島東洋,0,5
2021/07/10,中　日,横浜DeNA,6,2
2021/07/10,阪　神,読　売,1,8
2021/07/10,東北楽天,埼玉西武,2,6
2021/07/10,千葉ロッテ,北海道日本ハム,4,4
2021/07/10,福岡ソフトバンク,オリックス,3,1
2021/07/11,東京ヤクルト,広島東洋,,
2021/07/11,中　日,横浜DeNA,5,5
2021/07/11,阪　神,読　売,0,1
2021/07/11,東北楽天,埼玉西武,9,3
2021/07/11,千葉ロッテ,北海道日本ハム,,
2021/07/11,福岡ソフトバンク,オリックス,7,4
2021/07/12,阪　神,横浜DeNA,4,3
2021/07/12,広島東洋,中　日,6,2
2021/07/12,福岡ソフトバンク,東北楽天,8,0
2021/07/13,読　売,東京ヤクルト,6,14
2021/07/13,阪　神,横浜DeNA,2,8
2021/07/13,広島東洋,中　日,8,3
2021/07/13,北海道日本ハム,オリックス,0,5
2021/07/13,埼玉西武,千葉ロッテ,6,7
2021/07/13,福岡ソフトバンク,東北楽天,2,6
2021/07/14,読　売,東京ヤクルト,7,11
2021/07/14,阪　神,横浜DeNA,3,4
2021/07/14,広島東洋,中　日,2,0
2021/07/14,北海道日本ハム,オリックス,6,2
2021/07/14,埼玉西武,千葉ロッテ,8,3
2021/07/14,福岡ソフトバンク,東北楽天,2,4
2021/07/16,パシフィック,セントラル,4,5
2021/07/17,パシフィック,セントラル,4,3
2021/08/13,読　売,中　日,4,2
2021/08/13,阪　神,広島東洋,3,9
2021/08/13,埼玉西武,東北楽天,0,5
2021/08/13,千葉ロッテ,オリックス,3,6
2021/08/13,福岡ソフトバンク,北海道日本ハム,3,0
2021/08/14,読　売,中　日,6,1
2021/08/14,横浜DeNA,東京ヤクルト,,
2021/08/14,阪　神,広島東洋,9,3
2021/08/14,埼玉西武,東北楽天,6,7
2021/08/14,千葉ロッテ,オリックス,4,2
2021/08/14,福岡ソフトバンク,北海道日本ハム,2,0
2021/08/15,読　売,中　日,4,2
2021/08/15,横浜DeNA,東京ヤクルト,1,4
2021/08/15,阪　神,広島東洋,3,0
2021/08/15,埼玉西武,東北楽天,10,2
2021/08/15,千葉ロッテ,オリックス,3,5
2021/08/15,福岡ソフトバンク,北海道日本ハム,0,0
2021/08/17,東京ヤクルト,読　売,13,3
2021/08/17,横浜DeNA,阪　神,2,6
2021/08/17,中　日,広島東洋,3,0
2021/08/17,東北楽天,福岡ソフトバンク,,
2021/08/17,千葉ロッテ,埼玉西武,2,8
2021/08/17,オリックス,北海道日本ハム,,
2021/08/18,東京ヤクルト,読　売,2,3
2021/08/18,横浜DeNA,阪　神,2,5
2021/08/18,中　日,広島東洋,3,0
2021/08/18,東北楽天,福岡ソフトバンク,0,3
2021/08/18,千葉ロッテ,埼玉西武,5,3
2021/08/18,オリックス,北海道日本ハム,5,2
2021/08/19,横浜DeNA,阪　神,5,4
2021/08/19,中　日,広島東洋,1,3
2021/08/19,千葉ロッテ,埼玉西武,3,3
2021/08/19,オリックス,北海道日本ハム,,
2021/08/20,読　売,横浜DeNA,1,6
2021/08/20,中　日,阪　神,6,0
2021/08/20,広島東洋,東京ヤクルト,5,4
2021/08/20,北海道日本ハム,東北楽天,3,3
2021/08/20,オリックス,埼玉西武,2,1
2021/08/20,福岡ソフトバンク,千葉ロッテ,3,5
2021/08/21,読　売,横浜DeNA,2,7
2021/08/21,中　日,阪　神,6,2
2021/08/21,広島東洋,東京ヤクルト,3,8
2021/08/21,北海道日本ハム,東北楽天,4,8
2021/08/21,オリックス,埼玉西武,2,0
2021/08/21,福岡ソフトバンク,千葉ロッテ,6,8
2021/08/22,読　売,横浜DeNA,4,4
2021/08/22,中　日,阪　神,0,2
2021/08/22,広島東洋,東京ヤクルト,,
2021/08/22,北海道日本ハム,東北楽天,2,1
2021/08/22,オリックス,埼玉西武,3,10
2021/08/22,福岡ソフトバンク,千葉ロッテ,4,2
2021/08/24,読　売,広島東洋,3,1
2021/08/24,東京ヤクルト,中　日,2,1
2021/08/24,阪　神,横浜DeNA,8,2
2021/08/24,北海道日本ハム,千葉ロッテ,3,3
2021/08/24,東北楽天,オリックス,,
2021/08/24,埼玉西武,福岡ソフトバンク,4,4
2021/08/25,読　売,広島東洋,5,3
2021/08/25,東京ヤクルト,中　日,3,3
2021/08/25,阪　神,横浜DeNA,2,10
2021/08/25,北海道日本ハム,千葉ロッテ,4,7
2021/08/25,東北楽天,オリックス,2,2
2021/08/25,埼玉西武,福岡ソフトバンク,1,6
2021/08/26,読　売,広島東洋,2,11
2021/08/26,阪　神,横浜DeNA,9,3
2021/08/26,東北楽天,オリックス,7,6
2021/08/26,埼玉西武,福岡ソフトバンク,3,0
2021/08/27,東京ヤクルト,横浜DeNA,0,4
2021/08/27,中　日,読　売,4,1
2021/08/27,広島東洋,阪　神,6,4
2021/08/27,東北楽天,千葉ロッテ,1,3
2021/08/27,埼玉西武,北海道日本ハム,2,7
2021/08/27,オリックス,福岡ソフトバンク,2,0
2021/08/28,東京ヤクルト,横浜DeNA,2,2
2021/08/28,中　日,読　売,1,1
2021/08/28,広島東洋,阪　神,7,6
2021/08/28,東北楽天,千葉ロッテ,1,5
2021/08/28,埼玉西武,北海道日本ハム,8,8
2021/08/28,オリックス,福岡ソフトバンク,2,2
2021/08/29,東京ヤクルト,横浜DeNA,5,2
2021/08/29,中　日,読　売,1,5
2021/08/29,広島東洋,阪　神,5,0
2021/08/29,東北楽天,千葉ロッテ,0,1
2021/08/29,埼玉西武,北海道日本ハム,0,6
2021/08/29,オリックス,福岡ソフトバンク,6,3
2021/08/31,読　売,東京ヤクルト,10,8
2021/08/31,横浜DeNA,広島東洋,7,6
2021/08/31,阪　神,中　日,5,8
2021/08/31,北海道日本ハム,オリックス,3,1
2021/08/31,千葉ロッテ,埼玉西武,5,1
2021/08/31,福岡ソフトバンク,東北楽天,3,6
2021/09/01,読　売,東京ヤクルト,2,0
2021/09/01,横浜DeNA,広島東洋,7,2
2021/09/01,阪　神,中　日,2,1
2021/09/01,北海道日本ハム,オリックス,12,1
2021/09/01,千葉ロッテ,埼玉西武,7,14
2021/09/02,読　売,東京ヤクルト,2,2
2021/09/02,横浜DeNA,広島東洋,3,11
2021/09/02,阪　神,中　日,,
2021/09/02,北海道日本ハム,オリックス,6,6
2021/09/02,福岡ソフトバンク,東北楽天,5,2
2021/09/03,東京ヤクルト,広島東洋,3,1
2021/09/03,中　日,横浜DeNA,1,0
2021/09/03,阪　神,読　売,7,3
2021/09/03,東北楽天,埼玉西武,4,8
2021/09/03,千葉ロッテ,北海道日本ハム,7,5
2021/09/03,福岡ソフトバンク,オリックス,1,2
2021/09/04,東京ヤクルト,広島東洋,2,4
2021/09/04,中　日,横浜DeNA,1,3
2021/09/04,阪　神,読　売,4,3
2021/09/04,東北楽天,埼玉西武,8,5
2021/09/04,千葉ロッテ,北海道日本ハム,3,3
2021/09/04,福岡ソフトバンク,オリックス,11,4
2021/09/05,東京ヤクルト,広島東洋,1,6
2021/09/05,中　日,横浜DeNA,2,0
2021/09/05,阪　神,読　売,6,6
2021/09/05,東北楽天,埼玉西武,8,2
2021/09/05,千葉ロッテ,北海道日本ハム,2,1
2021/09/05,福岡ソフトバンク,オリックス,12,4
2021/09/07,横浜DeNA,読　売,8,2
2021/09/07,阪　神,東京ヤクルト,0,12
2021/09/07,広島東洋,中　日,8,7
2021/09/07,北海道日本ハム,東北楽天,4,2
2021/09/07,埼玉西武,福岡ソフトバンク,6,5
2021/09/07,オリックス,千葉ロッテ,4,3
2021/09/08,横浜DeNA,読　売,4,1
2021/09/08,阪　神,東京ヤクルト,5,3
2021/09/08,広島東洋,中　日,1,4
2021/09/08,北海道日本ハム,東北楽天,0,8
2021/09/08,埼玉西武,福岡ソフトバンク,0,9
2021/09/08,オリックス,千葉ロッテ,1,4
2021/09/09,横浜DeNA,読　売,5,5
2021/09/09,阪　神,東京ヤクルト,3,13
2021/09/09,広島東洋,中　日,12,5
2021/09/09,北海道日本ハム,東北楽天,0,4
2021/09/09,オリックス,千葉ロッテ,2,2
2021/09/10,読　売,中　日,1,10
2021/09/10,広島東洋,阪　神,1,4
2021/09/10,北海道日本ハム,福岡ソフトバンク,4,4
2021/09/10,埼玉西武,オリックス,1,7
2021/09/10,千葉ロッテ,東北楽天,3,2
2021/09/11,読　売,中　日,4,5
2021/09/11,東京ヤクルト,横浜DeNA,9,2
2021/09/11,広島東洋,阪　神,1,4
2021/09/11,北海道日本ハム,福岡ソフトバンク,17,5
2021/09/11,埼玉西武,オリックス,7,0
2021/09/11,千葉ロッテ,東北楽天,4,1
2021/09/12,横浜DeNA,阪　神,8,1
2021/09/12,中　日,東京ヤクルト,9,5
2021/09/12,広島東洋,読　売,1,2
2021/09/12,北海道日本ハム,福岡ソフトバンク,3,0
2021/09/12,埼玉西武,オリックス,3,1
2021/09/12,千葉ロッテ,東北楽天,9,2
2021/09/13,中　日,東京ヤクルト,1,0
2021/09/14,読　売,横浜DeNA,2,3
2021/09/14,東京ヤクルト,阪　神,4,4
2021/09/14,中　日,広島東洋,10,1
2021/09/14,東北楽天,オリックス,4,1
2021/09/14,埼玉西武,北海道日本ハム,3,1
2021/09/14,福岡ソフトバンク,千葉ロッテ,1,3
2021/09/15,読　売,横浜DeNA,7,6
2021/09/15,東京ヤクルト,阪　神,1,0
2021/09/15,中　日,広島東洋,3,5
2021/09/15,東北楽天,オリックス,7,0
2021/09/15,埼玉西武,北海道日本ハム,3,3
2021/09/15,福岡ソフトバンク,千葉ロッテ,4,5
2021/09/16,東北楽天,オリックス,1,3
2021/09/16,埼玉西武,北海道日本ハム,1,3
2021/09/16,福岡ソフトバンク,千葉ロッテ,1,1
2021/09/17,読　売,東京ヤクルト,2,8
2021/09/17,阪　神,中　日,,
2021/09/17,広島東洋,横浜DeNA,,
2021/09/18,読　売,東京ヤクルト,6,6
2021/09/18,阪　神,中　日,1,0
2021/09/18,広島東洋,横浜DeNA,2,4
2021/09/18,北海道日本ハム,千葉ロッテ,1,0
2021/09/18,東北楽天,福岡ソフトバンク,,
2021/09/18,オリックス,埼玉西武,4,0
2021/09/19,東京ヤクルト,広島東洋,5,1
2021/09/19,横浜DeNA,中　日,9,1
2021/09/19,阪　神,読　売,1,8
2021/09/19,北海道日本ハム,千葉ロッテ,0,4
2021/09/19,東北楽天,福岡ソフトバンク,4,2
2021/09/19,オリックス,埼玉西武,4,1
2021/09/20,東京ヤクルト,広島東洋,2,2
2021/09/20,横浜DeNA,中　日,6,0
2021/09/20,北海道日本ハム,千葉ロッテ,0,1
2021/09/20,東北楽天,福岡ソフトバンク,4,5
2021/09/20,オリックス,埼玉西武,4,6
2021/09/21,横浜DeNA,東京ヤクルト,2,5
2021/09/21,中　日,阪　神,2,3
2021/09/21,広島東洋,読　売,2,0
2021/09/22,横浜DeNA,東京ヤクルト,1,2
2021/09/22,中　日,阪　神,2,1
2021/09/22,広島東洋,読　売,0,13
2021/09/22,埼玉西武,東北楽天,2,4
2021/09/22,千葉ロッテ,福岡ソフトバンク,1,4
2021/09/22,オリックス,北海道日本ハム,5,3
2021/09/23,横浜DeNA,東京ヤクルト,2,4
2021/09/23,中　日,阪　神,3,3
2021/09/23,広島東洋,読　売,0,5
2021/09/23,埼玉西武,東北楽天,4,3
2021/09/23,千葉ロッテ,福岡ソフトバンク,0,5
2021/09/23,オリックス,北海道日本ハム,2,4
2021/09/24,読　売,阪　神,6,6
2021/09/24,東京ヤクルト,中　日,3,0
2021/09/24,横浜DeNA,広島東洋,2,9
2021/09/24,埼玉西武,千葉ロッテ,5,4
2021/09/24,オリックス,東北楽天,3,4
2021/09/24,福岡ソフトバンク,北海道日本ハム,1,4
2021/09/25,読　売,阪　神,0,3
2021/09/25,東京ヤクルト,中　日,0,0
2021/09/25,横浜DeNA,広島東洋,2,3
2021/09/25,埼玉西武,千葉ロッテ,1,3
2021/09/25,オリックス,東北楽天,3,2
2021/09/25,福岡ソフトバンク,北海道日本ハム,4,2
2021/09/26,読　売,阪　神,3,4
2021/09/26,東京ヤクルト,中　日,16,0
2021/09/26,横浜DeNA,広島東洋,8,10
2021/09/26,埼玉西武,千葉ロッテ,4,8
2021/09/26,オリックス,東北楽天,1,1
2021/09/26,福岡ソフトバンク,北海道日本ハム,4,1
2021/09/28,東京ヤクルト,横浜DeNA,4,0
2021/09/28,中　日,読　売,5,2
2021/09/28,阪　神,広島東洋,0,2
2021/09/28,東北楽天,北海道日本ハム,1,3
2021/09/28,千葉ロッテ,オリックス,2,5
2021/09/28,福岡ソフトバンク,埼玉西武,5,2
2021/09/29,東京ヤクルト,横浜DeNA,5,7
2021/09/29,中　日,読　売,5,0
2021/09/29,阪　神,広島東洋,2,8
2021/09/29,東北楽天,北海道日本ハム,5,0
2021/09/29,千葉ロッテ,オリックス,2,15
2021/09/29,福岡ソフトバンク,埼玉西武,9,0
2021/09/30,東京ヤクルト,横浜DeNA,6,7
2021/09/30,中　日,読　売,1,0
2021/09/30,阪　神,広島東洋,4,5
2021/09/30,東北楽天,北海道日本ハム,8,5
2021/09/30,千葉ロッテ,オリックス,3,4
2021/09/30,福岡ソフトバンク,埼玉西武,7,8
2021/10/01,読　売,横浜DeNA,3,2
2021/10/01,阪　神,中　日,5,2
2021/10/01,広島東洋,東京ヤクルト,4,5
2021/10/01,北海道日本ハム,埼玉西武,2,4
2021/10/01,東北楽天,千葉ロッテ,,
2021/10/01,オリックス,福岡ソフトバンク,2,1
2021/10/02,読　売,横浜DeNA,5,4
2021/10/02,阪　神,中　日,3,0
2021/10/02,広島東洋,東京ヤクルト,5,9
2021/10/02,北海道日本ハム,埼玉西武,2,1
2021/10/02,東北楽天,千葉ロッテ,6,1
2021/10/02,オリックス,福岡ソフトバンク,6,0
2021/10/03,読　売,横浜DeNA,3,3
2021/10/03,阪　神,中　日,1,0
2021/10/03,広島東洋,東京ヤクルト,1,4
2021/10/03,北海道日本ハム,埼玉西武,3,2
2021/10/03,東北楽天,千葉ロッテ,0,2
2021/10/03,オリックス,福岡ソフトバンク,3,0
2021/10/05,東京ヤクルト,読　売,3,2
2021/10/05,横浜DeNA,阪　神,2,5
2021/10/05,中　日,広島東洋,4,3
2021/10/05,千葉ロッテ,埼玉西武,2,0
2021/10/05,オリックス,北海道日本ハム,9,0
2021/10/05,福岡ソフトバンク,東北楽天,7,7
2021/10/06,東京ヤクルト,読　売,3,0
2021/10/06,横浜DeNA,阪　神,0,2
2021/10/06,中　日,広島東洋,3,7
2021/10/06,千葉ロッテ,埼玉西武,4,2
2021/10/06,オリックス,北海道日本ハム,2,3
2021/10/06,福岡ソフトバンク,東北楽天,0,5
2021/10/07,東京ヤクルト,読　売,1,0
2021/10/07,横浜DeNA,阪　神,4,3
2021/10/07,中　日,広島東洋,2,5
2021/10/07,千葉ロッテ,東北楽天,2,3
2021/10/07,埼玉西武,福岡ソフトバンク,7,0
2021/10/07,オリックス,北海道日本ハム,4,3
2021/10/08,東京ヤクルト,阪　神,4,1
2021/10/08,横浜DeNA,中　日,9,3
2021/10/08,広島東洋,読　売,6,2
2021/10/08,北海道日本ハム,千葉ロッテ,9,0
2021/10/08,埼玉西武,福岡ソフトバンク,6,2
2021/10/09,東京ヤクルト,阪　神,1,2
2021/10/09,横浜DeNA,中　日,2,4
2021/10/09,広島東洋,読　売,7,1
2021/10/09,北海道日本ハム,千葉ロッテ,4,2
2021/10/09,埼玉西武,東北楽天,1,2
2021/10/09,福岡ソフトバンク,オリックス,2,6
2021/10/10,東京ヤクルト,阪　神,6,4
2021/10/10,横浜DeNA,中　日,2,1
2021/10/10,広島東洋,読　売,3,1
2021/10/10,北海道日本ハム,千葉ロッテ,4,4
2021/10/10,埼玉西武,東北楽天,3,2
2021/10/10,福岡ソフトバンク,オリックス,3,1
2021/10/12,読　売,阪　神,1,2
2021/10/12,中　日,東京ヤクルト,3,2
2021/10/12,広島東洋,横浜DeNA,3,0
2021/10/12,北海道日本ハム,福岡ソフトバンク,0,5
2021/10/12,オリックス,千葉ロッテ,2,2
2021/10/13,読　売,阪　神,2,2
2021/10/13,中　日,東京ヤクルト,1,3
2021/10/13,広島東洋,横浜DeNA,3,9
2021/10/13,北海道日本ハム,埼玉西武,10,2
2021/10/13,東北楽天,福岡ソフトバンク,2,1
2021/10/13,オリックス,千葉ロッテ,2,8
2021/10/14,読　売,阪　神,0,3
2021/10/14,中　日,東京ヤクルト,1,1
2021/10/14,広島東洋,横浜DeNA,5,3
2021/10/14,北海道日本ハム,埼玉西武,0,3
2021/10/14,東北楽天,福岡ソフトバンク,5,6
2021/10/14,オリックス,千葉ロッテ,1,6
2021/10/15,東京ヤクルト,読　売,8,7
2021/10/15,北海道日本ハム,オリックス,0,3
2021/10/15,東北楽天,埼玉西武,1,5
2021/10/15,千葉ロッテ,福岡ソフトバンク,3,1
2021/10/16,読　売,広島東洋,7,8
2021/10/16,東京ヤクルト,中　日,3,5
2021/10/16,北海道日本ハム,オリックス,1,1
2021/10/16,東北楽天,埼玉西武,3,0
2021/10/16,千葉ロッテ,福岡ソフトバンク,4,10
2021/10/17,横浜DeNA,東京ヤクルト,3,7
2021/10/17,阪　神,広島東洋,2,4
2021/10/17,北海道日本ハム,オリックス,4,3
2021/10/17,東北楽天,埼玉西武,5,6
2021/10/17,千葉ロッテ,福岡ソフトバンク,,
2021/10/18,阪　神,広島東洋,2,1
2021/10/18,埼玉西武,千葉ロッテ,1,2
2021/10/18,東北楽天,北海道日本ハム,0,5
2021/10/19,横浜DeNA,読　売,4,4
2021/10/19,阪　神,東京ヤクルト,11,0
2021/10/19,埼玉西武,北海道日本ハム,2,6
2021/10/19,オリックス,東北楽天,6,3
2021/10/19,福岡ソフトバンク,千葉ロッテ,6,0
2021/10/20,横浜DeNA,読　売,2,3
2021/10/20,阪　神,東京ヤクルト,0,0
2021/10/20,埼玉西武,北海道日本ハム,7,5
2021/10/20,オリックス,東北楽天,2,5
2021/10/21,東京ヤクルト,広島東洋,7,11
2021/10/21,阪　神,中　日,6,1
2021/10/21,オリックス,埼玉西武,3,2
2021/10/21,福岡ソフトバンク,北海道日本ハム,2,2
2021/10/22,東京ヤクルト,広島東洋,,
2021/10/22,横浜DeNA,中　日,4,2
2021/10/23,読　売,東京ヤクルト,11,1
2021/10/23,横浜DeNA,中　日,5,0
2021/10/23,広島東洋,阪　神,1,1
2021/10/23,東北楽天,福岡ソフトバンク,8,1
2021/10/23,千葉ロッテ,北海道日本ハム,4,3
2021/10/24,東京ヤクルト,読　売,6,4
2021/10/24,広島東洋,阪　神,2,7
2021/10/24,東北楽天,福岡ソフトバンク,2,6
2021/10/24,千葉ロッテ,北海道日本ハム,3,2
2021/10/25,東北楽天,オリックス,0,4
2021/10/25,千葉ロッテ,福岡ソフトバンク,7,15
2021/10/26,横浜DeNA,東京ヤクルト,1,5
2021/10/26,阪　神,中　日,0,4
2021/10/26,北海道日本ハム,埼玉西武,1,0
2021/10/27,東北楽天,千葉ロッテ,2,1
2021/10/28,広島東洋,横浜DeNA,7,0
2021/10/29,広島東洋,東京ヤクルト,4,1
2021/10/29,千葉ロッテ,北海道日本ハム,0,5
2021/10/30,千葉ロッテ,北海道日本ハム,3,5
2021/11/01,東京ヤクルト,広島東洋,7,9
2021/11/06,阪　神,読　売,0,4
2021/11/06,千葉ロッテ,東北楽天,5,4
2021/11/07,阪　神,読　売,2,4
2021/11/07,千葉ロッテ,東北楽天,4,4
2021/11/10,東京ヤクルト,読　売,4,0
2021/11/10,オリックス,千葉ロッテ,1,0
2021/11/11,東京ヤクルト,読　売,5,0
2021/11/11,オリックス,千葉ロッテ,2,0
2021/11/12,東京ヤクルト,読　売,2,2
2021/11/12,オリックス,千葉ロッテ,3,3
2021/11/20,オリックス,東京ヤクルト,4,3
2021/11/21,オリックス,東京ヤクルト,0,2
2021/11/23,東京ヤクルト,オリックス,5,4
2021/11/24,東京ヤクルト,オリックス,2,1
2021/11/25,東京ヤクルト,オリックス,5,6
2021/11/27,オリックス,東京ヤクルト,1,2
